Entity;Code;Year;Country-reported HIV expenditure by funding source - Total
Afghanistan;AFG;2008;3241418
Afghanistan;AFG;2009;5158552
Afghanistan;AFG;2010;4437825
Afghanistan;AFG;2011;8002073,55
Afghanistan;AFG;2012;9052547
Afghanistan;AFG;2013;5312479
Afghanistan;AFG;2014;4181138
Afghanistan;AFG;2015;0
Albania;ALB;2005;2376957
Algeria;DZA;2006;3673849,625
Algeria;DZA;2008;3802015,863
Algeria;DZA;2009;2726734
Algeria;DZA;2010;5840187,542
Algeria;DZA;2011;6314132,619
Algeria;DZA;2012;6773706,897
Algeria;DZA;2013;12456208,14
Algeria;DZA;2014;17268653,65
Angola;AGO;2006;27724126,85
Angola;AGO;2007;47493993
Angola;AGO;2008;31765941
Angola;AGO;2009;34699646,99
Angola;AGO;2010;34338192,34
Angola;AGO;2011;33893239,22
Angola;AGO;2016;19767460,15
Antigua and Barbuda;ATG;2006;157323,7305
Antigua and Barbuda;ATG;2007;159827,5
Antigua and Barbuda;ATG;2008;329358,8778
Antigua and Barbuda;ATG;2009;390760,3963
Antigua and Barbuda;ATG;2010;1376617,69
Antigua and Barbuda;ATG;2011;617262,4502
Antigua and Barbuda;ATG;2012;987160,7407
Antigua and Barbuda;ATG;2013;1423132,26
Antigua and Barbuda;ATG;2015;5955882,353
Argentina;ARG;2006;62373020,26
Argentina;ARG;2007;82935738,33
Argentina;ARG;2008;85546274,38
Argentina;ARG;2009;88544751,22
Argentina;ARG;2010;106167939,3
Argentina;ARG;2011;173662731,1
Argentina;ARG;2012;179007273
Armenia;ARM;2007;2476108
Armenia;ARM;2008;2604517,199
Armenia;ARM;2009;2301071,14
Armenia;ARM;2010;5052363,727
Armenia;ARM;2011;5587011,129
Armenia;ARM;2012;5338915,361
Armenia;ARM;2013;5006127,661
Armenia;ARM;2014;6816742,951
Armenia;ARM;2016;4222796,19
Aruba;ABW;2005;10000
Aruba;ABW;2006;10000
Aruba;ABW;2007;10000
Australia;AUS;2006;101415112
Azerbaijan;AZE;2007;2220238,125
Azerbaijan;AZE;2008;5012004
Azerbaijan;AZE;2009;6061650,29
Azerbaijan;AZE;2010;8236251,172
Azerbaijan;AZE;2011;14555703,9
Azerbaijan;AZE;2013;18611700,42
Azerbaijan;AZE;2014;20627360,08
Bahamas;BHS;2006;2148723
Bahamas;BHS;2008;4468559,52
Bahamas;BHS;2009;4901264,55
Bangladesh;BGD;2008;37264781
Bangladesh;BGD;2009;26938053,8
Bangladesh;BGD;2010;15203323,65
Bangladesh;BGD;2011;18804376,49
Bangladesh;BGD;2012;12483351,97
Bangladesh;BGD;2013;21143541,89
Bangladesh;BGD;2014;19405721,99
Bangladesh;BGD;2015;12759321,84
Barbados;BRB;2006;7128686,746
Barbados;BRB;2009;5539683
Barbados;BRB;2010;7390301
Barbados;BRB;2011;8078374,64
Barbados;BRB;2012;9976348,6
Barbados;BRB;2013;15971142,69
Belarus;BLR;2006;13132657,25
Belarus;BLR;2008;20479442,37
Belarus;BLR;2009;17734673,71
Belarus;BLR;2010;19722982,12
Belarus;BLR;2011;19864483,34
Belarus;BLR;2012;19785986,09
Belarus;BLR;2013;18582285,83
Belarus;BLR;2014;22445923,02
Belarus;BLR;2016;17639014,83
Belgium;BEL;2008;111777467,6
Belgium;BEL;2009;146014580,8
Belgium;BEL;2010;159087442,3
Belize;BLZ;2008;2024334,5
Belize;BLZ;2009;2024334,5
Belize;BLZ;2010;2877998
Belize;BLZ;2012;2836771,5
Benin;BEN;2006;0
Benin;BEN;2007;21954939,07
Benin;BEN;2008;25238076,55
Benin;BEN;2009;32435197,45
Benin;BEN;2010;18197534,41
Benin;BEN;2011;27550070,02
Benin;BEN;2012;30175682,86
Benin;BEN;2013;22257640,97
Benin;BEN;2014;20592481,48
Benin;BEN;2015;15537589,92
Benin;BEN;2016;16793566,31
Bolivia;BOL;2005;1833231,842
Bolivia;BOL;2006;4024537,828
Bolivia;BOL;2007;3182865,949
Bolivia;BOL;2008;5393563,068
Bolivia;BOL;2009;9733435,043
Bolivia;BOL;2011;9251710,001
Bolivia;BOL;2012;11768762
Bosnia and Herzegovina;BIH;2008;2759908,18
Bosnia and Herzegovina;BIH;2009;3584302,26
Botswana;BWA;2003;0
Botswana;BWA;2005;208930891,8
Botswana;BWA;2006;143406319
Botswana;BWA;2007;229457672
Botswana;BWA;2008;348408017,3
Botswana;BWA;2009;306431292,5
Botswana;BWA;2010;363240716,6
Botswana;BWA;2011;390616018,6
Brazil;BRA;2006;565185867
Brazil;BRA;2007;575138517,6
Brazil;BRA;2008;623133514,6
Brazil;BRA;2009;656848865,2
Brazil;BRA;2010;734242594,2
Brazil;BRA;2011;812604545
Brazil;BRA;2012;694741477,1
Brazil;BRA;2014;804365938,9
Bulgaria;BGR;2005;7778041
Bulgaria;BGR;2006;6603844,75
Bulgaria;BGR;2007;6665825,891
Bulgaria;BGR;2008;9211929,188
Bulgaria;BGR;2009;11051031,88
Bulgaria;BGR;2010;9892606,022
Bulgaria;BGR;2011;13716892,5
Bulgaria;BGR;2012;10838021,03
Bulgaria;BGR;2013;11959461,68
Bulgaria;BGR;2014;14796160,97
Bulgaria;BGR;2015;12925531,77
Burkina Faso;BFA;2006;47298132,25
Burkina Faso;BFA;2007;42567454,13
Burkina Faso;BFA;2008;52978377,71
Burkina Faso;BFA;2009;62092749,53
Burkina Faso;BFA;2010;58282723,81
Burkina Faso;BFA;2011;48066175,9
Burkina Faso;BFA;2012;56480730,49
Burkina Faso;BFA;2013;58401077,95
Burundi;BDI;2007;26191559,65
Burundi;BDI;2008;26446970,22
Burundi;BDI;2009;27034142,9
Burundi;BDI;2010;41776442,26
Burundi;BDI;2011;25443438,46
Burundi;BDI;2012;38747562
Burundi;BDI;2013;41460906
Burundi;BDI;2014;18414529,07
Cambodia;KHM;2006;46219589,24
Cambodia;KHM;2007;53258764
Cambodia;KHM;2008;51846996,83
Cambodia;KHM;2009;53735197,96
Cambodia;KHM;2010;58059469,48
Cambodia;KHM;2011;52834014,91
Cambodia;KHM;2012;50883717,33
Cameroon;CMR;2004;24284083
Cameroon;CMR;2005;43173625
Cameroon;CMR;2006;33937835
Cameroon;CMR;2007;37998196,66
Cameroon;CMR;2008;44863107,37
Cameroon;CMR;2009;76970910,99
Cameroon;CMR;2010;64185623,57
Cameroon;CMR;2011;47971213,83
Cameroon;CMR;2012;50840874,5
Cameroon;CMR;2013;72549303,26
Cape Verde;CPV;2006;799656
Cape Verde;CPV;2007;1790645,75
Cape Verde;CPV;2008;2569599,634
Cape Verde;CPV;2009;1110770,401
Cape Verde;CPV;2010;2550065,428
Cape Verde;CPV;2011;3601972,223
Cape Verde;CPV;2012;34027,44056
Cape Verde;CPV;2013;4916285,995
Cape Verde;CPV;2014;3811653,51
Central African Republic;CAF;2006;14962737
Central African Republic;CAF;2007;10548130,68
Central African Republic;CAF;2008;20637243,35
Central African Republic;CAF;2009;11442259,01
Central African Republic;CAF;2010;14897398
Central African Republic;CAF;2011;15784563,94
Chad;TCD;2006;0
Chad;TCD;2007;8767272,218
Chad;TCD;2008;14037230,22
Chad;TCD;2009;12657267,28
Chad;TCD;2010;11791489,07
Chad;TCD;2011;18001758,82
Chad;TCD;2012;16349143,41
Chad;TCD;2013;17632653,7
Chile;CHL;2005;69167100
Chile;CHL;2008;112166092
Chile;CHL;2009;141307412,4
Chile;CHL;2010;157229159,2
Chile;CHL;2011;165883778,7
Chile;CHL;2012;212550138,6
Chile;CHL;2015;172772050,3
China;CHN;2006;138927272
China;CHN;2007;124115808
China;CHN;2008;323834196,9
China;CHN;2009;353535353,5
China;CHN;2010;586572420,5
China;CHN;2011;593989628,4
China;CHN;2012;635813432,7
China;CHN;2013;757504322,1
China;CHN;2014;989975570
Colombia;COL;2006;98169192,94
Colombia;COL;2007;87978214,21
Colombia;COL;2008;128878172,2
Colombia;COL;2009;105630779,6
Colombia;COL;2010;113064730,2
Colombia;COL;2011;96673834,92
Colombia;COL;2012;134944827,1
Colombia;COL;2013;119528046,2
Comoros;COM;2007;150000
Comoros;COM;2010;169642,7339
Comoros;COM;2011;936323,4803
Comoros;COM;2012;1532305,973
Comoros;COM;2013;696389,2743
Comoros;COM;2014;1052149
Congo;COG;2007;9443989,524
Congo;COG;2008;11628857,34
Congo;COG;2009;11976747,1
Congo;COG;2010;16472585,65
Costa Rica;CRI;2006;35727299,88
Costa Rica;CRI;2008;43923785,36
Costa Rica;CRI;2010;30556390
Costa Rica;CRI;2012;22246679
Cote d'Ivoire;CIV;2005;15782199,29
Cote d'Ivoire;CIV;2006;47039581,86
Cote d'Ivoire;CIV;2007;70975032,85
Cote d'Ivoire;CIV;2008;67294316,84
Cote d'Ivoire;CIV;2009;119936505,2
Cote d'Ivoire;CIV;2010;114776945,3
Cote d'Ivoire;CIV;2011;97995386,74
Cote d'Ivoire;CIV;2012;124202802,8
Cote d'Ivoire;CIV;2013;103855515,9
Croatia;HRV;2006;8424443,5
Croatia;HRV;2007;8907938,669
Croatia;HRV;2008;9957027,012
Croatia;HRV;2009;10367188
Croatia;HRV;2012;11278316,95
Croatia;HRV;2013;14363785,45
Cuba;CUB;2007;44509069
Cuba;CUB;2008;46615803
Cuba;CUB;2009;68720826,11
Cuba;CUB;2010;66854941,95
Cuba;CUB;2011;70567385,73
Cuba;CUB;2012;72046447,79
Cuba;CUB;2013;69734372,4
Czechia;CZE;2007;57386483,71
Czechia;CZE;2008;64836192,61
Czechia;CZE;2009;70147858,58
Democratic Republic of Congo;COD;2006;41689248
Democratic Republic of Congo;COD;2008;96365322
Democratic Republic of Congo;COD;2009;186945819
Democratic Republic of Congo;COD;2010;195554363
Democratic Republic of Congo;COD;2011;190800215
Democratic Republic of Congo;COD;2012;229278486
Democratic Republic of Congo;COD;2013;99828587
Democratic Republic of Congo;COD;2014;97139495
Djibouti;DJI;2007;3690621
Djibouti;DJI;2008;3220826
Djibouti;DJI;2009;2006625
Djibouti;DJI;2010;5046033,405
Djibouti;DJI;2011;4293492,855
Djibouti;DJI;2012;3828455,543
Djibouti;DJI;2014;2883765,17
Dominica;DMA;2008;177654,85
Dominica;DMA;2009;177654,85
Dominica;DMA;2010;223664,38
Dominica;DMA;2011;223664,38
Dominica;DMA;2012;336411,0701
Dominican Republic;DOM;2007;37420644
Dominican Republic;DOM;2008;31331008,43
Dominican Republic;DOM;2012;40729787,74
Ecuador;ECU;2005;2950901,66
Ecuador;ECU;2006;10209004,9
Ecuador;ECU;2007;7473084,69
Ecuador;ECU;2008;0
Ecuador;ECU;2009;0
Ecuador;ECU;2010;28641874,5
Ecuador;ECU;2014;13230521,67
Egypt;EGY;2007;6391755,273
Egypt;EGY;2008;7652152,182
El Salvador;SLV;2006;35970390
El Salvador;SLV;2007;43769464
El Salvador;SLV;2008;41232425
El Salvador;SLV;2010;49857063
El Salvador;SLV;2012;59224233
El Salvador;SLV;2013;62305782
El Salvador;SLV;2014;68138036
El Salvador;SLV;2015;69971303
Equatorial Guinea;GNQ;2007;1314029,644
Equatorial Guinea;GNQ;2008;2926458,439
Equatorial Guinea;GNQ;2009;2840864,932
Equatorial Guinea;GNQ;2012;2364083,055
Equatorial Guinea;GNQ;2013;8715789,098
Eritrea;ERI;2005;15411702
Eritrea;ERI;2006;7183159
Eritrea;ERI;2007;7792681,5
Eritrea;ERI;2008;14456536,38
Eritrea;ERI;2009;13661214
Estonia;EST;2008;18373202,34
Estonia;EST;2010;16353142,12
Eswatini;SWZ;2005;0
Eswatini;SWZ;2006;49113384
Eswatini;SWZ;2007;49446926,86
Eswatini;SWZ;2009;75280452,97
Eswatini;SWZ;2011;86741192
Eswatini;SWZ;2012;82568469
Eswatini;SWZ;2013;96931522
Ethiopia;ETH;2008;248000114
Ethiopia;ETH;2011;403309472
Ethiopia;ETH;2016;351583871
Fiji;FJI;2007;1849093,862
Fiji;FJI;2008;2506227,052
Fiji;FJI;2009;2332251,522
Fiji;FJI;2010;2096988,53
Fiji;FJI;2011;2255211,91
Fiji;FJI;2012;335117,6249
Fiji;FJI;2013;191953,1381
Fiji;FJI;2014;213386,3431
Gabon;GAB;2007;10531077,61
Gabon;GAB;2008;11918289,7
Gabon;GAB;2009;6583069,153
Gabon;GAB;2010;8035394,788
Gabon;GAB;2011;9934667,087
Gabon;GAB;2012;15229285,15
Gabon;GAB;2013;11176198,3
Gabon;GAB;2014;6452776,924
Gambia;GMB;2007;4898005
Gambia;GMB;2008;4987930
Gambia;GMB;2014;3850000,69
Georgia;GEO;2006;5294119,143
Georgia;GEO;2008;8218686
Georgia;GEO;2009;10372885,79
Georgia;GEO;2010;15909290
Georgia;GEO;2011;14255584
Georgia;GEO;2012;16557873
Georgia;GEO;2013;16103397
Georgia;GEO;2014;16962519
Georgia;GEO;2015;15953309,81
Ghana;GHA;2006;22982243
Ghana;GHA;2007;52445091
Ghana;GHA;2008;38850940
Ghana;GHA;2009;54228387
Ghana;GHA;2010;62147564
Ghana;GHA;2011;81677333
Ghana;GHA;2012;145105927
Ghana;GHA;2013;106502691
Ghana;GHA;2015;92306722,19
Greece;GRC;2008;96058434,83
Grenada;GRD;2006;1050000
Grenada;GRD;2008;483594,9706
Grenada;GRD;2009;194492,6903
Grenada;GRD;2010;93501,41691
Grenada;GRD;2011;7434,65
Grenada;GRD;2012;120140,92
Grenada;GRD;2013;194829,49
Guatemala;GTM;2002;12571164,84
Guatemala;GTM;2003;15850808,01
Guatemala;GTM;2004;19393994,85
Guatemala;GTM;2005;21868378,17
Guatemala;GTM;2006;21155491,56
Guatemala;GTM;2007;0
Guatemala;GTM;2008;0
Guatemala;GTM;2009;45025407,88
Guatemala;GTM;2010;46082034,18
Guatemala;GTM;2011;46930846,53
Guatemala;GTM;2012;53225006
Guatemala;GTM;2013;57371338
Guatemala;GTM;2014;55519729
Guatemala;GTM;2016;50464376
Guinea;GIN;2007;7421451,492
Guinea;GIN;2008;13226372,68
Guinea;GIN;2009;13508992,3
Guinea;GIN;2010;11942596,35
Guinea;GIN;2011;15044153,4
Guinea;GIN;2012;12076992,53
Guinea;GIN;2013;14413834,95
Guinea;GIN;2014;15762745,27
Guinea-Bissau;GNB;2006;2859366,5
Guinea-Bissau;GNB;2007;2799713,25
Guinea-Bissau;GNB;2008;4129567,728
Guinea-Bissau;GNB;2009;5739812,273
Guinea-Bissau;GNB;2010;5258837,039
Guyana;GUY;2011;21541642
Guyana;GUY;2012;21921471
Haiti;HTI;2006;70285699,97
Haiti;HTI;2007;73348812,07
Haiti;HTI;2008;144431252,3
Haiti;HTI;2009;135718466,4
Haiti;HTI;2010;166132149,6
Haiti;HTI;2011;209009281
Haiti;HTI;2012;115806396
Haiti;HTI;2013;127874387
Honduras;HND;2006;17485078,5
Honduras;HND;2007;22393727,88
Honduras;HND;2008;28463574,6
Honduras;HND;2009;31974903,44
Honduras;HND;2010;36184175,32
Honduras;HND;2011;36126243,04
Honduras;HND;2012;38299977,58
Honduras;HND;2013;36713777,03
Hungary;HUN;2007;2274786,631
Hungary;HUN;2008;3673401,639
Hungary;HUN;2009;3496376,963
India;IND;2008;145589869,6
India;IND;2009;140001565,2
India;IND;2010;225715496,3
India;IND;2011;275000075,5
India;IND;2012;205808366
India;IND;2013;144554316,6
India;IND;2014;164330064,6
Indonesia;IDN;2006;56576573,71
Indonesia;IDN;2007;58671397,39
Indonesia;IDN;2008;49563286
Indonesia;IDN;2009;60285419,7
Indonesia;IDN;2010;68801197
Indonesia;IDN;2011;72543621
Indonesia;IDN;2012;87002694
Iran;IRN;2006;32777972
Iran;IRN;2008;36011016,2
Iran;IRN;2009;40761320
Iran;IRN;2012;74486120,27
Italy;ITA;2011;508145475,3
Jamaica;JAM;2005;11306126
Jamaica;JAM;2006;10361506
Jamaica;JAM;2007;14749274
Jamaica;JAM;2009;15192487,77
Jamaica;JAM;2010;14666841,02
Jamaica;JAM;2011;18364388
Jamaica;JAM;2012;17136135
Japan;JPN;2006;68134843,75
Japan;JPN;2009;73196543,69
Japan;JPN;2010;73455936,17
Japan;JPN;2011;67907853,93
Jordan;JOR;2007;2697078
Jordan;JOR;2009;3099000
Jordan;JOR;2010;1723767,521
Jordan;JOR;2011;1433831,479
Jordan;JOR;2012;1968903
Jordan;JOR;2013;1079616
Kazakhstan;KAZ;2007;17958794
Kazakhstan;KAZ;2009;22778078,89
Kazakhstan;KAZ;2011;36887018,02
Kazakhstan;KAZ;2012;37809895,21
Kazakhstan;KAZ;2013;37802614,38
Kazakhstan;KAZ;2014;43041166,67
Kenya;KEN;2007;418581567
Kenya;KEN;2008;659865872,2
Kenya;KEN;2009;670864163
Kenya;KEN;2010;726058594,2
Kenya;KEN;2011;837615747,5
Kenya;KEN;2012;790658623,9
Kenya;KEN;2013;850027885,9
Kiribati;KIR;2010;429800
Kiribati;KIR;2011;258888
Kiribati;KIR;2012;339277
Kiribati;KIR;2014;669378,3784
Kiribati;KIR;2016;252340,17
Kuwait;KWT;2007;4219466,24
Kuwait;KWT;2008;4695719,6
Kuwait;KWT;2009;4578054,84
Kuwait;KWT;2010;56791069
Kuwait;KWT;2012;59515454,55
Kuwait;KWT;2013;5952003,509
Kuwait;KWT;2014;22365503
Kyrgyzstan;KGZ;2006;7917122,375
Kyrgyzstan;KGZ;2008;8795735,963
Kyrgyzstan;KGZ;2009;12153796
Kyrgyzstan;KGZ;2010;11235261
Kyrgyzstan;KGZ;2011;5720845
Kyrgyzstan;KGZ;2012;13399289
Kyrgyzstan;KGZ;2013;17609990
Kyrgyzstan;KGZ;2014;15978696,42
Laos;LAO;2006;4675671
Laos;LAO;2007;5146613,38
Laos;LAO;2008;5017038
Laos;LAO;2009;5997398
Laos;LAO;2010;8586397,07
Laos;LAO;2011;11749215,6
Latvia;LVA;2006;5748000
Latvia;LVA;2009;7134019,394
Latvia;LVA;2010;6176719,457
Latvia;LVA;2011;267460
Latvia;LVA;2012;619656
Latvia;LVA;2013;9452206,7
Latvia;LVA;2014;8763408,26
Lebanon;LBN;2007;4400000
Lebanon;LBN;2008;7300000
Lebanon;LBN;2009;4450000
Lebanon;LBN;2010;2420000
Lebanon;LBN;2011;2420000
Lebanon;LBN;2013;5191497
Lesotho;LSO;2006;24436397
Lesotho;LSO;2007;54502463,6
Lesotho;LSO;2008;81741090,48
Lesotho;LSO;2009;0
Lesotho;LSO;2010;0
Lesotho;LSO;2013;86463007
Lesotho;LSO;2014;111570742
Liberia;LBR;2010;28357694,89
Liberia;LBR;2011;31123572,25
Lithuania;LTU;2011;3669400,749
Lithuania;LTU;2012;2496550,945
Luxembourg;LUX;2009;0
Madagascar;MDG;2007;17802042
Madagascar;MDG;2008;11960068,87
Madagascar;MDG;2010;9431067,015
Madagascar;MDG;2011;13881177,5
Madagascar;MDG;2012;9820637,006
Madagascar;MDG;2013;6715215,108
Madagascar;MDG;2014;5737192,91
Madagascar;MDG;2015;5806920,66
Madagascar;MDG;2016;3563919,28
Malawi;MWI;2005;66407193
Malawi;MWI;2008;107426244
Malawi;MWI;2009;71804797
Malawi;MWI;2010;65560000
Malawi;MWI;2011;151972234
Malawi;MWI;2012;145522435
Malawi;MWI;2015;230210286,2
Malaysia;MYS;2008;24752000
Malaysia;MYS;2009;28179411,79
Malaysia;MYS;2010;31945129,47
Malaysia;MYS;2011;39193880,73
Malaysia;MYS;2012;56645650,7
Malaysia;MYS;2013;58084996,13
Malaysia;MYS;2014;53802555,89
Mali;MLI;2006;29022701,25
Mali;MLI;2007;43712742,85
Mali;MLI;2008;43788574,43
Mali;MLI;2009;28408825,06
Mali;MLI;2010;36703031,48
Mali;MLI;2011;24333789,8
Mali;MLI;2012;21794989,59
Marshall Islands;MHL;2007;122518
Marshall Islands;MHL;2008;0
Marshall Islands;MHL;2009;125841
Marshall Islands;MHL;2010;390933
Marshall Islands;MHL;2011;174208
Marshall Islands;MHL;2012;446142
Marshall Islands;MHL;2013;516765
Marshall Islands;MHL;2014;679774
Mauritania;MRT;2009;86917,12
Mauritania;MRT;2010;946354
Mauritania;MRT;2011;4082502
Mauritania;MRT;2012;3934241
Mauritania;MRT;2013;2731148
Mauritius;MUS;2006;1501345,375
Mauritius;MUS;2010;7524014,862
Mexico;MEX;2005;271364185,6
Mexico;MEX;2008;447704520,3
Mexico;MEX;2009;376480868,4
Mexico;MEX;2011;534914169,5
Micronesia (country);FSM;2008;354776
Micronesia (country);FSM;2009;685925,86
Micronesia (country);FSM;2010;521805,87
Micronesia (country);FSM;2011;473469
Micronesia (country);FSM;2012;446688
Micronesia (country);FSM;2013;519360
Micronesia (country);FSM;2014;344003,77
Moldova;MDA;2007;8200348,25
Moldova;MDA;2008;13254121,37
Moldova;MDA;2009;11859795,42
Moldova;MDA;2010;10948535,37
Moldova;MDA;2011;14352889,44
Moldova;MDA;2012;9582312,049
Moldova;MDA;2013;8483257,404
Moldova;MDA;2014;9200219,606
Mongolia;MNG;2007;3377400
Mongolia;MNG;2008;5160118,029
Mongolia;MNG;2009;4758316,712
Mongolia;MNG;2010;3883709,63
Mongolia;MNG;2011;3949791,111
Mongolia;MNG;2013;3552745
Mongolia;MNG;2014;2858199
Montenegro;MNE;2007;1470536,986
Montenegro;MNE;2008;596567,6471
Montenegro;MNE;2009;830121,4286
Morocco;MAR;2006;6900215,75
Morocco;MAR;2007;11040303
Morocco;MAR;2008;13643597
Morocco;MAR;2009;14648004
Morocco;MAR;2010;14832191
Morocco;MAR;2011;14632692
Morocco;MAR;2012;21453834
Morocco;MAR;2013;22730808
Morocco;MAR;2015;22099998
Mozambique;MOZ;2004;48503886
Mozambique;MOZ;2005;58992973
Mozambique;MOZ;2006;96623778,43
Mozambique;MOZ;2007;105235588
Mozambique;MOZ;2008;146424960
Mozambique;MOZ;2010;213485240,2
Mozambique;MOZ;2011;260279345
Mozambique;MOZ;2012;257440190
Mozambique;MOZ;2013;353766025,8
Mozambique;MOZ;2014;353836435,9
Mozambique;MOZ;2015;343606041
Mozambique;MOZ;2016;329521478
Myanmar;MMR;2007;32762916,48
Myanmar;MMR;2008;32802377,75
Myanmar;MMR;2009;34264132,53
Myanmar;MMR;2010;40501041,67
Myanmar;MMR;2011;46293477,5
Myanmar;MMR;2012;42196575,04
Myanmar;MMR;2013;56389651,69
Namibia;NAM;2003;35000000
Namibia;NAM;2005;79122000
Namibia;NAM;2007;130500000
Namibia;NAM;2009;243041930
Namibia;NAM;2010;279320471,9
Namibia;NAM;2012;206262070
Namibia;NAM;2013;218231939
Nauru;NRU;2008;80673,65772
Nauru;NRU;2009;97112,32449
Nepal;NPL;2006;8896695,141
Nepal;NPL;2007;17661653
Nepal;NPL;2009;20454800,16
Nicaragua;NIC;2007;12665213
Nicaragua;NIC;2008;14992937,46
Nicaragua;NIC;2010;24894867
Niger;NER;2006;21632108
Niger;NER;2007;16656278,08
Niger;NER;2008;14268160,63
Niger;NER;2009;10080692,05
Niger;NER;2010;14180564,25
Niger;NER;2011;14617433,86
Niger;NER;2012;16094800,06
Nigeria;NGA;2006;19140699
Nigeria;NGA;2007;299241772
Nigeria;NGA;2008;394963885
Nigeria;NGA;2009;415287430
Nigeria;NGA;2010;496917471
Nigeria;NGA;2011;499432729
Nigeria;NGA;2012;574310062
North Korea;PRK;2009;868500
North Korea;PRK;2010;1014600
North Korea;PRK;2011;1145420
North Macedonia;MKD;2005;3627078,5
North Macedonia;MKD;2008;3659005,147
North Macedonia;MKD;2009;4753257,088
North Macedonia;MKD;2010;4764350,546
Oman;OMN;2009;811770,86
Oman;OMN;2011;4703922,269
Oman;OMN;2012;5422075
Oman;OMN;2013;3890133,75
Oman;OMN;2014;4324861
Pakistan;PAK;2007;5076641,5
Pakistan;PAK;2008;14194847
Pakistan;PAK;2009;14064508,22
Pakistan;PAK;2010;12951615,3
Pakistan;PAK;2011;5209746,9
Pakistan;PAK;2012;10450151,36
Pakistan;PAK;2013;9993630,02
Palau;PLW;2007;57425,37
Palau;PLW;2008;57260,82
Palau;PLW;2009;67448,6
Palau;PLW;2010;982488,99
Palau;PLW;2011;1044959,11
Palau;PLW;2013;409041,33
Palau;PLW;2014;30032,3
Panama;PAN;2006;21997471
Panama;PAN;2008;21077738
Panama;PAN;2010;24275360
Panama;PAN;2012;47835015,63
Papua New Guinea;PNG;2009;50333020,31
Papua New Guinea;PNG;2010;51209268,56
Papua New Guinea;PNG;2011;47372864,09
Papua New Guinea;PNG;2012;36659267,31
Paraguay;PRY;2006;1017666
Paraguay;PRY;2007;2497096
Paraguay;PRY;2008;11831832
Paraguay;PRY;2009;14042677
Paraguay;PRY;2010;12414684
Paraguay;PRY;2011;9208240
Paraguay;PRY;2012;13657172,7
Paraguay;PRY;2013;14941352,28
Peru;PER;2005;25773171,5
Peru;PER;2006;36169689,75
Peru;PER;2007;39986982,39
Peru;PER;2008;45186950,57
Peru;PER;2009;62229415,7
Peru;PER;2010;36431352,45
Peru;PER;2013;74861271,85
Peru;PER;2014;78148248
Philippines;PHL;2005;8054565,567
Philippines;PHL;2006;8561154,548
Philippines;PHL;2007;5623741,066
Philippines;PHL;2008;7734114,592
Philippines;PHL;2009;12030977,26
Philippines;PHL;2010;12495865,06
Philippines;PHL;2011;12645619,71
Philippines;PHL;2012;9642394,636
Philippines;PHL;2013;10319421,41
Poland;POL;2007;41978735,19
Poland;POL;2008;62946967,14
Poland;POL;2009;48820379,25
Poland;POL;2010;66986129,59
Poland;POL;2011;74423714,86
Poland;POL;2012;83259468,71
Poland;POL;2013;90199774,37
Poland;POL;2014;83684559,07
Portugal;PRT;2009;10081613,64
Portugal;PRT;2010;175446308,3
Portugal;PRT;2011;201374452
Portugal;PRT;2012;10356197,19
Portugal;PRT;2013;274577667,8
Romania;ROU;2006;76088416
Romania;ROU;2008;87241136
Romania;ROU;2009;84255940
Romania;ROU;2010;95508030
Romania;ROU;2011;108228460
Romania;ROU;2012;34583120,91
Romania;ROU;2014;98535201
Russia;RUS;2006;304989825,2
Russia;RUS;2008;780172789,8
Russia;RUS;2013;546296296
Russia;RUS;2014;512676056
Rwanda;RWA;2006;87129455,5
Rwanda;RWA;2007;74564937,92
Rwanda;RWA;2008;110811596,2
Rwanda;RWA;2009;173621081
Rwanda;RWA;2011;234613362
Rwanda;RWA;2012;243667682,7
Saint Kitts and Nevis;KNA;2007;1342611,171
Saint Kitts and Nevis;KNA;2008;1487271,345
Saint Kitts and Nevis;KNA;2009;1210090,786
Saint Kitts and Nevis;KNA;2010;151172,7185
Saint Kitts and Nevis;KNA;2011;93349,25926
Saint Kitts and Nevis;KNA;2012;82440,37037
Saint Kitts and Nevis;KNA;2013;85110
Saint Lucia;LCA;2006;1000199,078
Saint Lucia;LCA;2007;772018,0156
Saint Vincent and the Grenadines;VCT;2008;1625301,03
Saint Vincent and the Grenadines;VCT;2009;2629219,154
Saint Vincent and the Grenadines;VCT;2010;4020691,651
Saint Vincent and the Grenadines;VCT;2011;2951440,912
Saint Vincent and the Grenadines;VCT;2012;1466605,326
Samoa;WSM;2009;792332
Samoa;WSM;2010;345027,6855
Samoa;WSM;2011;307482,2414
Samoa;WSM;2013;903852
Sao Tome and Principe;STP;2007;98088,71966
Sao Tome and Principe;STP;2008;93188,508
Sao Tome and Principe;STP;2009;460568,92
Sao Tome and Principe;STP;2010;605752
Sao Tome and Principe;STP;2011;880869
Sao Tome and Principe;STP;2012;438390
Sao Tome and Principe;STP;2013;821699,43
Sao Tome and Principe;STP;2014;751805,8
Saudi Arabia;SAU;2009;19389141,33
Senegal;SEN;2006;11934512,02
Senegal;SEN;2007;17814671,84
Senegal;SEN;2008;29758122,48
Senegal;SEN;2011;21357515,62
Senegal;SEN;2012;25134303,74
Senegal;SEN;2013;22380529,68
Serbia;SRB;2012;13375569,63
Serbia;SRB;2013;16333869,05
Seychelles;SYC;2007;479214
Seychelles;SYC;2008;575899,2387
Seychelles;SYC;2009;1748649,143
Seychelles;SYC;2010;2354608,091
Seychelles;SYC;2011;2172223,692
Seychelles;SYC;2012;4686371,833
Seychelles;SYC;2013;2900786,48
Seychelles;SYC;2014;3560043,231
Sierra Leone;SLE;2006;7759514,188
Sierra Leone;SLE;2007;9172665,217
Sierra Leone;SLE;2009;14309550
Sierra Leone;SLE;2011;20905243
Singapore;SGP;2007;11349934,18
Singapore;SGP;2008;15338055,7
Singapore;SGP;2009;14361842,11
Singapore;SGP;2010;16486428,57
Singapore;SGP;2011;23091269,84
Singapore;SGP;2012;23746298,21
Singapore;SGP;2013;23739323,09
Singapore;SGP;2014;23202746,72
Solomon Islands;SLB;2008;598244,6194
Solomon Islands;SLB;2009;575215,6065
Solomon Islands;SLB;2010;804326,6983
Solomon Islands;SLB;2011;908429,0816
Somalia;SOM;2006;12202916,81
Somalia;SOM;2007;9811603
Somalia;SOM;2008;5994773,5
Somalia;SOM;2009;5981773,5
South Africa;ZAF;2006;610975168
South Africa;ZAF;2007;648093868
South Africa;ZAF;2009;2329049277
South Africa;ZAF;2014;1880672908
South Korea;KOR;2009;13178000
South Korea;KOR;2010;11161000
South Korea;KOR;2011;11171000
South Sudan;SSD;2006;260000
South Sudan;SSD;2007;1312767
South Sudan;SSD;2011;31238878
South Sudan;SSD;2012;24154613,65
Spain;ESP;2007;551413158,1
Spain;ESP;2008;916739279,5
Spain;ESP;2009;947070402,3
Spain;ESP;2010;980913999,7
Spain;ESP;2011;1080338130
Spain;ESP;2012;978031084,4
Spain;ESP;2013;919488342,4
Sri Lanka;LKA;2007;1705728,173
Sri Lanka;LKA;2008;1568313
Sri Lanka;LKA;2009;4504057,6
Sri Lanka;LKA;2010;4727896,692
Sri Lanka;LKA;2013;1226938
Sudan;SDN;2008;15985346
Sudan;SDN;2009;15358624
Sudan;SDN;2011;23349252,05
Sudan;SDN;2012;18458156
Sudan;SDN;2013;13840875
Suriname;SUR;2007;500000
Suriname;SUR;2009;4037170,46
Suriname;SUR;2010;6129853,398
Suriname;SUR;2011;4674508,149
Sweden;SWE;2007;0
Sweden;SWE;2008;0
Sweden;SWE;2009;0
Switzerland;CHE;2006;18505748
Switzerland;CHE;2008;14898053,75
Switzerland;CHE;2009;14843028,62
Switzerland;CHE;2010;3067778,736
Switzerland;CHE;2011;3608479,928
Switzerland;CHE;2012;3411877,599
Syria;SYR;2007;1660147
Syria;SYR;2008;2014305
Syria;SYR;2009;2019325
Syria;SYR;2011;809850
Tajikistan;TJK;2006;5210554,813
Tajikistan;TJK;2008;6186978,507
Tajikistan;TJK;2009;7501041,099
Tajikistan;TJK;2010;15293808,7
Tajikistan;TJK;2011;15370003,48
Tajikistan;TJK;2012;12715923,58
Tajikistan;TJK;2013;14077892,87
Tanzania;TZA;2005;266371077
Thailand;THA;2007;199644530,6
Thailand;THA;2008;209123114
Thailand;THA;2009;209106533,9
Thailand;THA;2010;242670428,6
Thailand;THA;2011;325388453,9
Thailand;THA;2012;282888793,7
Thailand;THA;2013;287278782,3
Timor;TLS;2008;1826972,751
Timor;TLS;2009;1803013,71
Togo;TGO;2006;8530266,68
Togo;TGO;2007;14365723,92
Togo;TGO;2008;17238298,52
Togo;TGO;2009;15272333,92
Togo;TGO;2010;24317567,56
Togo;TGO;2011;21971071,5
Togo;TGO;2012;20455090,18
Togo;TGO;2013;26857752,44
Togo;TGO;2014;25321421,32
Tonga;TON;2008;209703,6842
Tonga;TON;2009;310525,7895
Tonga;TON;2010;0
Tonga;TON;2011;0
Tonga;TON;2014;158093,2378
Trinidad and Tobago;TTO;2006;12678331,69
Trinidad and Tobago;TTO;2007;10118410
Trinidad and Tobago;TTO;2008;15442886,03
Trinidad and Tobago;TTO;2009;13810964,92
Tunisia;TUN;2010;3038140
Tunisia;TUN;2011;2742549
Turkey;TUR;2006;54365480
Turkey;TUR;2007;56852200
Turkey;TUR;2012;12291905,01
Tuvalu;TUV;2008;100132,46
Tuvalu;TUV;2009;61294
Tuvalu;TUV;2010;59641
Tuvalu;TUV;2011;177096,4
Tuvalu;TUV;2013;34455
Uganda;UGA;2005;202419252
Uganda;UGA;2007;270011038,8
Uganda;UGA;2008;296649946,1
Ukraine;UKR;2005;40004057,13
Ukraine;UKR;2006;55737389,42
Ukraine;UKR;2007;79354447,14
Ukraine;UKR;2008;102429697,5
Ukraine;UKR;2009;65397491,94
Ukraine;UKR;2010;72838817,08
Ukraine;UKR;2011;107004261,6
Ukraine;UKR;2012;124325856,6
Ukraine;UKR;2015;97737794,11
United Arab Emirates;ARE;2009;17583651,23
United Arab Emirates;ARE;2010;25480829
United Arab Emirates;ARE;2011;30630854,46
United Arab Emirates;ARE;2012;32476416,89
United Kingdom;GBR;2007;1204081633
United Kingdom;GBR;2008;925714285,7
United Kingdom;GBR;2009;80303030,3
Uruguay;URY;2005;6245860,607
Uruguay;URY;2006;5736140,607
Uruguay;URY;2007;14077808,74
Uzbekistan;UZB;2009;15939901,17
Uzbekistan;UZB;2010;23663618,07
Uzbekistan;UZB;2011;19149707,71
Uzbekistan;UZB;2012;24106268,46
Uzbekistan;UZB;2013;21315540,26
Uzbekistan;UZB;2014;19113115,88
Vanuatu;VUT;2008;1092358
Vanuatu;VUT;2009;1114768
Vanuatu;VUT;2010;1661522,911
Vanuatu;VUT;2011;1883490,055
Vanuatu;VUT;2012;328089,4
Vanuatu;VUT;2013;867285,7245
Venezuela;VEN;2007;79818044,67
Venezuela;VEN;2008;71722966,68
Venezuela;VEN;2009;83424284,27
Venezuela;VEN;2010;109663740,2
Venezuela;VEN;2011;80485621,7
Venezuela;VEN;2012;66618451,61
Venezuela;VEN;2013;72603707,85
Vietnam;VNM;2006;47155758
Vietnam;VNM;2007;66280815
Vietnam;VNM;2008;108814493,7
Vietnam;VNM;2009;127374483,3
Vietnam;VNM;2010;139253245
Vietnam;VNM;2011;99844926
Vietnam;VNM;2012;95446487
Yemen;YEM;2009;4955843
Yemen;YEM;2010;2210998
Yemen;YEM;2011;1613920
Zambia;ZMB;2006;189929904
Zambia;ZMB;2012;282218625,7
Zimbabwe;ZWE;2005;89432191
Zimbabwe;ZWE;2006;129516626
Zimbabwe;ZWE;2008;27387121
Zimbabwe;ZWE;2009;90338609,66
Zimbabwe;ZWE;2010;268908534,6
Zimbabwe;ZWE;2011;257657385
Zimbabwe;ZWE;2012;308835446
Zimbabwe;ZWE;2013;253479644
